b_1	Pan_paniscus,Pongo_pygmaeus,Semnopithecus_hypoleucos,Semnopithecus_schistaceus	Aotus_azarae,Callimico_goeldii,Propithecus_tattersalli
b_2	Gorilla_beringei,Macaca_mulatta,Piliocolobus_kirkii,Pongo_abelii	Aotus_vociferans,Avahi_peyrierasi,Cebuella_pygmaea
b_3	Macaca_nigra,Macaca_thibetana,Pan_paniscus,Pongo_abelii	Aotus_trivirgatus,Propithecus_edwardsi,Saguinus_midas
b_4	Pan_paniscus,Pan_troglodytes,Papio_anubis,Trachypithecus_phayrei	Aotus_azarae,Propithecus_tattersalli,Saguinus_imperator
b_5	Gorilla_gorilla,Pan_paniscus,Theropithecus_gelada,Trachypithecus_francoisi	Aotus_vociferans,Avahi_peyrierasi,Mico_argentatus
b_6	Cercopithecus_lowei,Gorilla_beringei,Miopithecus_ogouensis,Pan_troglodytes	Aotus_trivirgatus,Propithecus_coquereli,Saguinus_labiatus
b_7	Allochrocebus_solatus,Colobus_angolensis,Gorilla_gorilla,Pongo_abelii	Aotus_vociferans,Leontocebus_illigeri,Propithecus_edwardsi
b_8	Cercopithecus_ascanius,Gorilla_beringei,Mandrillus_leucophaeus,Pongo_abelii	Aotus_vociferans,Callibella_humilis,Propithecus_coronatus
b_9	Pan_troglodytes,Pongo_abelii,Pygathrix_nemaeus,Trachypithecus_hatinhensis	Aotus_vociferans,Avahi_peyrierasi,Saguinus_midas
b_10	Macaca_arctoides,Piliocolobus_badius,Pongo_abelii,Pongo_pygmaeus	Aotus_griseimembra,Callithrix_geoffroyi,Propithecus_tattersalli
b_11	Cercocebus_torquatus,Miopithecus_ogouensis,Pan_paniscus,Pongo_abelii	Aotus_trivirgatus,Callibella_humilis,Propithecus_edwardsi
b_12	Pan_paniscus,Papio_hamadryas,Pongo_abelii,Presbytis_comata	Aotus_trivirgatus,Callithrix_geoffroyi,Propithecus_edwardsi
b_13	Gorilla_gorilla,Macaca_radiata,Papio_papio,Pongo_pygmaeus	Aotus_griseimembra,Leontopithecus_chrysomelas,Propithecus_coronatus
b_14	Pan_paniscus,Pan_troglodytes,Papio_anubis,Papio_cynocephalus	Aotus_vociferans,Cebuella_pygmaea,Propithecus_verreauxi
b_15	Cercopithecus_cephus,Cercopithecus_neglectus,Gorilla_beringei,Pongo_pygmaeus	Aotus_trivirgatus,Propithecus_perrieri,Saguinus_imperator
b_16	Pongo_abelii,Pongo_pygmaeus,Pygathrix_nigripes,Trachypithecus_hatinhensis	Aotus_azarae,Callithrix_kuhlii,Propithecus_verreauxi
b_17	Cercopithecus_roloway,Pongo_abelii,Pongo_pygmaeus,Semnopithecus_priam	Aotus_trivirgatus,Callithrix_kuhlii,Propithecus_verreauxi
b_18	Cercopithecus_diana,Gorilla_gorilla,Pongo_pygmaeus,Theropithecus_gelada	Aotus_griseimembra,Callithrix_kuhlii,Propithecus_tattersalli
b_19	Allenopithecus_nigroviridis,Cercopithecus_lowei,Pan_troglodytes,Pongo_pygmaeus	Aotus_griseimembra,Propithecus_edwardsi,Saguinus_midas
b_20	Gorilla_gorilla,Piliocolobus_kirkii,Pongo_pygmaeus,Trachypithecus_auratus	Aotus_trivirgatus,Avahi_peyrierasi,Saguinus_bicolor
b_21	Gorilla_gorilla,Macaca_tonkeana,Pan_paniscus,Trachypithecus_francoisi	Aotus_azarae,Propithecus_edwardsi,Saguinus_midas
b_22	Allenopithecus_nigroviridis,Gorilla_gorilla,Miopithecus_ogouensis,Pongo_pygmaeus	Aotus_griseimembra,Callimico_goeldii,Propithecus_edwardsi
b_23	Gorilla_beringei,Macaca_silenus,Pongo_pygmaeus,Trachypithecus_laotum	Aotus_azarae,Avahi_peyrierasi,Callithrix_geoffroyi
b_24	Macaca_tonkeana,Pan_troglodytes,Pongo_abelii,Trachypithecus_francoisi	Aotus_griseimembra,Propithecus_diadema,Saguinus_midas
b_25	Gorilla_gorilla,Pongo_pygmaeus,Presbytis_comata,Rhinopithecus_roxellana	Aotus_azarae,Cebuella_pygmaea,Propithecus_perrieri
b_26	Macaca_fuscata,Pan_troglodytes,Piliocolobus_tephrosceles,Pongo_pygmaeus	Aotus_griseimembra,Propithecus_tattersalli,Saguinus_inustus
b_27	Cercopithecus_cephus,Erythrocebus_patas,Pan_troglodytes,Pongo_pygmaeus	Aotus_vociferans,Leontocebus_fuscicolis,Propithecus_tattersalli
b_28	Gorilla_beringei,Gorilla_gorilla,Macaca_cyclopis,Trachypithecus_crepusculus	Aotus_trivirgatus,Avahi_peyrierasi,Saguinus_labiatus
b_29	Cercopithecus_hamlyni,Gorilla_gorilla,Macaca_tonkeana,Pan_troglodytes	Aotus_azarae,Mico_humeralifer,Propithecus_coquereli
b_30	Allochrocebus_lhoesti,Pan_paniscus,Papio_papio,Pongo_abelii	Aotus_trivirgatus,Propithecus_coquereli,Saguinus_midas
b_31	Gorilla_beringei,Macaca_assamensis,Macaca_cyclopis,Pongo_pygmaeus	Aotus_trivirgatus,Propithecus_coronatus,Saguinus_imperator
b_32	Allochrocebus_lhoesti,Pan_paniscus,Pan_troglodytes,Semnopithecus_johnii	Aotus_trivirgatus,Indri_indri,Saguinus_inustus
b_33	Nasalis_larvatus,Pan_troglodytes,Pongo_abelii,Presbytis_comata	Aotus_azarae,Leontopithecus_chrysomelas,Propithecus_perrieri
b_34	Gorilla_beringei,Pongo_abelii,Presbytis_mitrata,Pygathrix_cinerea	Aotus_trivirgatus,Leontopithecus_chrysomelas,Propithecus_perrieri
b_35	Gorilla_beringei,Macaca_arctoides,Pongo_pygmaeus,Trachypithecus_leucocephalus	Aotus_vociferans,Leontopithecus_rosalia,Propithecus_edwardsi
b_36	Gorilla_gorilla,Mandrillus_sphinx,Pongo_pygmaeus,Semnopithecus_vetulus	Aotus_azarae,Callibella_humilis,Propithecus_tattersalli
b_37	Colobus_guereza,Gorilla_beringei,Macaca_leonina,Pan_paniscus	Aotus_azarae,Avahi_peyrierasi,Saguinus_midas
b_38	Cercopithecus_nictitans,Colobus_guereza,Gorilla_beringei,Pan_paniscus	Aotus_vociferans,Indri_indri,Saguinus_mystax
b_39	Cercopithecus_roloway,Gorilla_beringei,Pongo_pygmaeus,Semnopithecus_priam	Aotus_vociferans,Leontocebus_nigricollis,Propithecus_perrieri
b_40	Cercopithecus_mona,Gorilla_beringei,Pongo_pygmaeus,Trachypithecus_geei	Aotus_vociferans,Avahi_laniger,Cebuella_pygmaea
b_41	Gorilla_beringei,Macaca_arctoides,Pongo_pygmaeus,Trachypithecus_francoisi	Aotus_azarae,Avahi_peyrierasi,Saguinus_bicolor
b_42	Gorilla_gorilla,Macaca_arctoides,Macaca_fuscata,Pongo_pygmaeus	Aotus_trivirgatus,Leontopithecus_chrysomelas,Propithecus_coronatus
b_43	Allochrocebus_solatus,Pan_troglodytes,Pongo_abelii,Trachypithecus_hatinhensis	Aotus_azarae,Avahi_laniger,Leontopithecus_rosalia
b_44	Cercopithecus_cephus,Gorilla_gorilla,Nasalis_larvatus,Pongo_pygmaeus	Aotus_azarae,Callithrix_geoffroyi,Propithecus_edwardsi
b_45	Cercocebus_torquatus,Erythrocebus_patas,Gorilla_beringei,Pan_paniscus	Aotus_vociferans,Avahi_peyrierasi,Saguinus_midas
b_46	Gorilla_gorilla,Pongo_abelii,Presbytis_comata,Semnopithecus_vetulus	Aotus_griseimembra,Avahi_laniger,Saguinus_inustus
b_47	Pan_troglodytes,Pongo_abelii,Theropithecus_gelada,Trachypithecus_francoisi	Aotus_griseimembra,Leontocebus_illigeri,Propithecus_tattersalli
b_48	Gorilla_beringei,Pan_paniscus,Semnopithecus_vetulus,Trachypithecus_cristatus	Aotus_azarae,Leontocebus_fuscicolis,Propithecus_tattersalli
b_49	Cercopithecus_petaurista,Gorilla_beringei,Mandrillus_sphinx,Pongo_pygmaeus	Aotus_trivirgatus,Avahi_laniger,Saguinus_mystax
b_50	Mandrillus_sphinx,Pongo_abelii,Pongo_pygmaeus,Trachypithecus_hatinhensis	Aotus_griseimembra,Propithecus_coquereli,Saguinus_inustus
b_51	Colobus_angolensis,Gorilla_gorilla,Macaca_nigra,Pan_troglodytes	Aotus_griseimembra,Propithecus_tattersalli,Saguinus_oedipus
b_52	Cercopithecus_ascanius,Gorilla_gorilla,Macaca_fuscata,Pan_troglodytes	Aotus_griseimembra,Propithecus_edwardsi,Saguinus_inustus
b_53	Gorilla_beringei,Macaca_mulatta,Pan_troglodytes,Trachypithecus_pileatus	Aotus_azarae,Cebuella_niveiventris,Propithecus_perrieri
b_54	Cercocebus_torquatus,Colobus_guereza,Gorilla_beringei,Pongo_pygmaeus	Aotus_azarae,Leontopithecus_chrysomelas,Propithecus_coquereli
b_55	Cercopithecus_mitis,Gorilla_beringei,Pongo_pygmaeus,Semnopithecus_schistaceus	Aotus_griseimembra,Propithecus_coronatus,Saguinus_bicolor
b_56	Gorilla_gorilla,Macaca_maura,Pan_troglodytes,Semnopithecus_johnii	Aotus_azarae,Indri_indri,Leontocebus_nigricollis
b_57	Cercocebus_torquatus,Gorilla_beringei,Pan_paniscus,Papio_papio	Aotus_azarae,Mico_humeralifer,Propithecus_edwardsi
b_58	Pan_troglodytes,Pongo_pygmaeus,Pygathrix_cinerea,Trachypithecus_hatinhensis	Aotus_trivirgatus,Mico_humeralifer,Propithecus_verreauxi
b_59	Allenopithecus_nigroviridis,Allochrocebus_solatus,Gorilla_beringei,Pan_paniscus	Aotus_azarae,Leontocebus_fuscicolis,Propithecus_perrieri
b_60	Cercocebus_chrysogaster,Gorilla_beringei,Pongo_abelii,Pygathrix_cinerea	Aotus_griseimembra,Propithecus_coquereli,Saguinus_mystax
b_61	Gorilla_beringei,Macaca_fuscata,Pan_troglodytes,Trachypithecus_cristatus	Aotus_vociferans,Cebuella_niveiventris,Propithecus_diadema
b_62	Colobus_guereza,Pan_paniscus,Pongo_pygmaeus,Trachypithecus_germaini	Aotus_azarae,Propithecus_edwardsi,Saguinus_midas
b_63	Colobus_polykomos,Pan_troglodytes,Pongo_abelii,Trachypithecus_cristatus	Aotus_griseimembra,Avahi_laniger,Saguinus_imperator
b_64	Gorilla_beringei,Miopithecus_ogouensis,Pongo_pygmaeus,Rhinopithecus_bieti	Aotus_vociferans,Callithrix_geoffroyi,Propithecus_coronatus
b_65	Cercopithecus_neglectus,Gorilla_beringei,Gorilla_gorilla,Macaca_radiata	Aotus_griseimembra,Propithecus_coquereli,Saguinus_geoffroyi
b_66	Allenopithecus_nigroviridis,Cercocebus_lunulatus,Gorilla_beringei,Pongo_pygmaeus	Aotus_azarae,Avahi_peyrierasi,Callithrix_geoffroyi
b_67	Macaca_maura,Macaca_radiata,Pan_troglodytes,Pongo_abelii	Aotus_azarae,Mico_argentatus,Propithecus_edwardsi
b_68	Cercocebus_torquatus,Macaca_fascicularis,Pan_paniscus,Pan_troglodytes	Aotus_trivirgatus,Propithecus_verreauxi,Saguinus_midas
b_69	Allochrocebus_lhoesti,Gorilla_gorilla,Macaca_cyclopis,Pan_troglodytes	Aotus_trivirgatus,Mico_humeralifer,Propithecus_verreauxi
b_70	Gorilla_beringei,Pongo_pygmaeus,Trachypithecus_francoisi,Trachypithecus_leucocephalus	Aotus_griseimembra,Mico_humeralifer,Propithecus_coquereli
b_71	Gorilla_gorilla,Macaca_assamensis,Pongo_pygmaeus,Semnopithecus_schistaceus	Aotus_trivirgatus,Callimico_goeldii,Propithecus_coronatus
b_72	Macaca_maura,Pan_paniscus,Pan_troglodytes,Papio_kindae	Aotus_griseimembra,Leontopithecus_rosalia,Propithecus_coronatus
b_73	Gorilla_gorilla,Pan_paniscus,Piliocolobus_tephrosceles,Pygathrix_nemaeus	Aotus_azarae,Cebuella_niveiventris,Propithecus_tattersalli
b_74	Cercopithecus_ascanius,Pongo_abelii,Pongo_pygmaeus,Semnopithecus_johnii	Aotus_azarae,Mico_argentatus,Propithecus_diadema
b_75	Piliocolobus_gordonorum,Pongo_abelii,Pongo_pygmaeus,Semnopithecus_schistaceus	Aotus_trivirgatus,Callithrix_geoffroyi,Propithecus_coronatus
b_76	Cercocebus_chrysogaster,Chlorocebus_pygerythrus,Gorilla_beringei,Pan_paniscus	Aotus_vociferans,Leontocebus_illigeri,Propithecus_coquereli
b_77	Erythrocebus_patas,Gorilla_gorilla,Mandrillus_sphinx,Pongo_abelii	Aotus_trivirgatus,Avahi_peyrierasi,Leontopithecus_rosalia
b_78	Cercocebus_lunulatus,Miopithecus_ogouensis,Pan_paniscus,Pan_troglodytes	Aotus_vociferans,Indri_indri,Leontocebus_fuscicolis
b_79	Macaca_arctoides,Mandrillus_sphinx,Pan_paniscus,Pongo_abelii	Aotus_griseimembra,Propithecus_coquereli,Saguinus_mystax
b_80	Cercopithecus_nictitans,Macaca_siberu,Pan_paniscus,Pan_troglodytes	Aotus_trivirgatus,Avahi_peyrierasi,Saguinus_labiatus
b_81	Mandrillus_sphinx,Piliocolobus_tephrosceles,Pongo_abelii,Pongo_pygmaeus	Aotus_vociferans,Avahi_peyrierasi,Callibella_humilis
b_82	Cercopithecus_cephus,Gorilla_beringei,Piliocolobus_badius,Pongo_pygmaeus	Aotus_trivirgatus,Avahi_laniger,Saguinus_geoffroyi
b_83	Cercopithecus_neglectus,Gorilla_gorilla,Macaca_cyclopis,Pan_troglodytes	Aotus_vociferans,Propithecus_edwardsi,Saguinus_geoffroyi
b_84	Gorilla_gorilla,Pan_troglodytes,Semnopithecus_hypoleucos,Semnopithecus_johnii	Aotus_azarae,Leontopithecus_rosalia,Propithecus_perrieri
b_85	Allochrocebus_lhoesti,Gorilla_gorilla,Pongo_abelii,Rhinopithecus_roxellana	Aotus_trivirgatus,Avahi_laniger,Saguinus_imperator
b_86	Cercopithecus_roloway,Macaca_tonkeana,Pan_troglodytes,Pongo_abelii	Aotus_trivirgatus,Mico_argentatus,Propithecus_tattersalli
b_87	Pan_troglodytes,Piliocolobus_tephrosceles,Pongo_abelii,Trachypithecus_francoisi	Aotus_trivirgatus,Propithecus_perrieri,Saguinus_oedipus
b_88	Macaca_nigra,Pan_paniscus,Piliocolobus_kirkii,Pongo_abelii	Aotus_azarae,Callithrix_geoffroyi,Propithecus_coronatus
b_89	Papio_kindae,Pongo_abelii,Pongo_pygmaeus,Semnopithecus_schistaceus	Aotus_trivirgatus,Leontopithecus_rosalia,Propithecus_diadema
b_90	Cercopithecus_roloway,Piliocolobus_tephrosceles,Pongo_abelii,Pongo_pygmaeus	Aotus_azarae,Mico_argentatus,Propithecus_coquereli
b_91	Cercocebus_chrysogaster,Colobus_guereza,Gorilla_beringei,Pan_paniscus	Aotus_trivirgatus,Callimico_goeldii,Propithecus_diadema
b_92	Gorilla_beringei,Gorilla_gorilla,Nasalis_larvatus,Trachypithecus_auratus	Aotus_vociferans,Propithecus_edwardsi,Saguinus_oedipus
b_93	Cercocebus_lunulatus,Macaca_thibetana,Pan_paniscus,Pongo_abelii	Aotus_azarae,Indri_indri,Saguinus_imperator
b_94	Allochrocebus_lhoesti,Gorilla_gorilla,Pan_troglodytes,Semnopithecus_entellus	Aotus_vociferans,Avahi_laniger,Callibella_humilis
b_95	Gorilla_beringei,Pongo_abelii,Rhinopithecus_roxellana,Semnopithecus_johnii	Aotus_vociferans,Callithrix_kuhlii,Propithecus_coronatus
b_96	Cercopithecus_nictitans,Cercopithecus_pogonias,Gorilla_gorilla,Pongo_abelii	Aotus_trivirgatus,Leontopithecus_chrysomelas,Propithecus_edwardsi
b_97	Gorilla_beringei,Pan_paniscus,Semnopithecus_johnii,Semnopithecus_priam	Aotus_griseimembra,Leontopithecus_chrysomelas,Propithecus_perrieri
b_98	Gorilla_gorilla,Pan_troglodytes,Rhinopithecus_bieti,Rhinopithecus_roxellana	Aotus_azarae,Avahi_peyrierasi,Mico_argentatus
b_99	Gorilla_gorilla,Mandrillus_leucophaeus,Pan_troglodytes,Semnopithecus_schistaceus	Aotus_trivirgatus,Propithecus_coronatus,Saguinus_geoffroyi
b_100	Pan_paniscus,Pan_troglodytes,Theropithecus_gelada,Trachypithecus_crepusculus	Aotus_trivirgatus,Avahi_peyrierasi,Leontopithecus_chrysomelas
b_101	Gorilla_beringei,Piliocolobus_badius,Pongo_pygmaeus,Rhinopithecus_bieti	Aotus_griseimembra,Callimico_goeldii,Propithecus_coquereli
b_102	Gorilla_beringei,Pongo_pygmaeus,Presbytis_mitrata,Pygathrix_cinerea	Aotus_griseimembra,Avahi_peyrierasi,Saguinus_bicolor
b_103	Allenopithecus_nigroviridis,Gorilla_beringei,Pan_troglodytes,Semnopithecus_priam	Aotus_azarae,Propithecus_perrieri,Saguinus_oedipus
b_104	Pan_troglodytes,Papio_cynocephalus,Papio_papio,Pongo_pygmaeus	Aotus_griseimembra,Avahi_peyrierasi,Callithrix_geoffroyi
b_105	Cercocebus_chrysogaster,Cercocebus_lunulatus,Gorilla_beringei,Gorilla_gorilla	Aotus_azarae,Leontocebus_nigricollis,Propithecus_coquereli
b_106	Cercopithecus_neglectus,Pan_paniscus,Pongo_pygmaeus,Pygathrix_cinerea	Aotus_vociferans,Leontopithecus_chrysomelas,Propithecus_perrieri
b_107	Gorilla_beringei,Gorilla_gorilla,Nasalis_larvatus,Trachypithecus_geei	Aotus_vociferans,Callithrix_jacchus,Propithecus_edwardsi
b_108	Allochrocebus_solatus,Gorilla_gorilla,Pan_troglodytes,Semnopithecus_priam	Aotus_griseimembra,Callibella_humilis,Indri_indri
b_109	Allochrocebus_solatus,Gorilla_gorilla,Pongo_pygmaeus,Theropithecus_gelada	Aotus_griseimembra,Callimico_goeldii,Propithecus_edwardsi
b_110	Cercopithecus_ascanius,Macaca_thibetana,Pan_troglodytes,Pongo_pygmaeus	Aotus_azarae,Callithrix_geoffroyi,Propithecus_coquereli
b_111	Macaca_silenus,Pan_troglodytes,Piliocolobus_kirkii,Pongo_pygmaeus	Aotus_azarae,Leontocebus_nigricollis,Propithecus_edwardsi
b_112	Gorilla_gorilla,Pongo_abelii,Trachypithecus_germaini,Trachypithecus_laotum	Aotus_azarae,Callithrix_jacchus,Propithecus_tattersalli
b_113	Gorilla_beringei,Macaca_radiata,Macaca_silenus,Pongo_pygmaeus	Aotus_azarae,Callimico_goeldii,Propithecus_tattersalli
b_114	Pan_paniscus,Pongo_abelii,Trachypithecus_auratus,Trachypithecus_hatinhensis	Aotus_azarae,Avahi_peyrierasi,Saguinus_inustus
b_115	Colobus_polykomos,Macaca_nemestrina,Pan_paniscus,Pongo_abelii	Aotus_trivirgatus,Cebuella_niveiventris,Propithecus_coronatus
b_116	Allochrocebus_preussi,Gorilla_beringei,Pongo_abelii,Trachypithecus_germaini	Aotus_azarae,Avahi_peyrierasi,Leontocebus_illigeri
b_117	Pan_paniscus,Pongo_pygmaeus,Semnopithecus_entellus,Trachypithecus_cristatus	Aotus_azarae,Callithrix_jacchus,Propithecus_diadema
b_118	Gorilla_beringei,Macaca_cyclopis,Mandrillus_sphinx,Pongo_pygmaeus	Aotus_vociferans,Cebuella_pygmaea,Propithecus_perrieri
b_119	Cercocebus_chrysogaster,Cercopithecus_neglectus,Pan_paniscus,Pan_troglodytes	Aotus_azarae,Avahi_peyrierasi,Saguinus_midas
b_120	Cercopithecus_neglectus,Gorilla_beringei,Gorilla_gorilla,Piliocolobus_badius	Aotus_trivirgatus,Avahi_peyrierasi,Callithrix_kuhlii
b_121	Gorilla_beringei,Pan_troglodytes,Semnopithecus_priam,Trachypithecus_hatinhensis	Aotus_trivirgatus,Leontopithecus_rosalia,Propithecus_tattersalli
b_122	Gorilla_beringei,Macaca_siberu,Pan_troglodytes,Trachypithecus_crepusculus	Aotus_azarae,Avahi_peyrierasi,Callithrix_jacchus
b_123	Cercopithecus_nictitans,Macaca_arctoides,Pan_paniscus,Pongo_abelii	Aotus_azarae,Propithecus_coquereli,Saguinus_bicolor
b_124	Gorilla_beringei,Pongo_pygmaeus,Presbytis_mitrata,Rhinopithecus_roxellana	Aotus_azarae,Avahi_peyrierasi,Mico_humeralifer
b_125	Gorilla_beringei,Papio_kindae,Papio_papio,Pongo_pygmaeus	Aotus_vociferans,Avahi_peyrierasi,Callithrix_jacchus
b_126	Cercopithecus_nictitans,Gorilla_gorilla,Pan_troglodytes,Presbytis_mitrata	Aotus_griseimembra,Callimico_goeldii,Propithecus_perrieri
b_127	Gorilla_beringei,Gorilla_gorilla,Macaca_fuscata,Piliocolobus_gordonorum	Aotus_griseimembra,Leontocebus_fuscicolis,Propithecus_coronatus
b_128	Macaca_fascicularis,Pongo_abelii,Pongo_pygmaeus,Semnopithecus_entellus	Aotus_vociferans,Propithecus_perrieri,Saguinus_midas
b_129	Gorilla_beringei,Papio_kindae,Pongo_abelii,Semnopithecus_hypoleucos	Aotus_trivirgatus,Cebuella_pygmaea,Propithecus_coquereli
b_130	Gorilla_gorilla,Pan_troglodytes,Papio_papio,Trachypithecus_laotum	Aotus_azarae,Leontocebus_illigeri,Propithecus_verreauxi
b_131	Erythrocebus_patas,Gorilla_beringei,Pan_troglodytes,Semnopithecus_johnii	Aotus_griseimembra,Mico_argentatus,Propithecus_tattersalli
b_132	Cercopithecus_nictitans,Gorilla_beringei,Pongo_pygmaeus,Trachypithecus_leucocephalus	Aotus_azarae,Propithecus_coronatus,Saguinus_imperator
b_133	Pan_paniscus,Pongo_abelii,Trachypithecus_leucocephalus,Trachypithecus_pileatus	Aotus_griseimembra,Indri_indri,Mico_argentatus
b_134	Gorilla_beringei,Papio_kindae,Pongo_pygmaeus,Trachypithecus_hatinhensis	Aotus_vociferans,Cebuella_niveiventris,Propithecus_coronatus
b_135	Papio_kindae,Piliocolobus_tephrosceles,Pongo_abelii,Pongo_pygmaeus	Aotus_azarae,Leontopithecus_chrysomelas,Propithecus_coronatus
b_136	Cercopithecus_roloway,Gorilla_gorilla,Miopithecus_ogouensis,Pan_troglodytes	Aotus_azarae,Propithecus_diadema,Saguinus_oedipus
b_137	Gorilla_gorilla,Macaca_arctoides,Mandrillus_leucophaeus,Pongo_abelii	Aotus_azarae,Leontocebus_illigeri,Propithecus_coronatus
b_138	Gorilla_gorilla,Macaca_silenus,Mandrillus_leucophaeus,Pongo_pygmaeus	Aotus_trivirgatus,Propithecus_edwardsi,Saguinus_geoffroyi
b_139	Macaca_tonkeana,Pan_troglodytes,Pongo_pygmaeus,Pygathrix_nigripes	Aotus_trivirgatus,Avahi_laniger,Saguinus_inustus
b_140	Cercocebus_lunulatus,Colobus_guereza,Pan_troglodytes,Pongo_abelii	Aotus_vociferans,Avahi_peyrierasi,Callithrix_kuhlii
b_141	Allochrocebus_lhoesti,Gorilla_beringei,Gorilla_gorilla,Macaca_maura	Aotus_azarae,Leontopithecus_rosalia,Propithecus_edwardsi
b_142	Cercocebus_torquatus,Cercopithecus_neglectus,Gorilla_gorilla,Pongo_abelii	Aotus_griseimembra,Propithecus_tattersalli,Saguinus_labiatus
b_143	Cercopithecus_lowei,Gorilla_beringei,Gorilla_gorilla,Macaca_tonkeana	Aotus_vociferans,Callimico_goeldii,Propithecus_diadema
b_144	Gorilla_beringei,Gorilla_gorilla,Papio_hamadryas,Semnopithecus_entellus	Aotus_azarae,Leontocebus_illigeri,Propithecus_coquereli
b_145	Cercopithecus_cephus,Gorilla_gorilla,Mandrillus_leucophaeus,Pongo_pygmaeus	Aotus_trivirgatus,Mico_argentatus,Propithecus_coquereli
b_146	Gorilla_beringei,Lophocebus_aterrimus,Macaca_maura,Pongo_abelii	Aotus_griseimembra,Mico_humeralifer,Propithecus_edwardsi
b_147	Cercopithecus_cephus,Gorilla_gorilla,Pongo_abelii,Trachypithecus_laotum	Aotus_azarae,Propithecus_verreauxi,Saguinus_inustus
b_148	Allochrocebus_preussi,Macaca_tonkeana,Pan_troglodytes,Pongo_abelii	Aotus_azarae,Avahi_peyrierasi,Saguinus_midas
b_149	Cercocebus_chrysogaster,Gorilla_beringei,Pan_troglodytes,Papio_cynocephalus	Aotus_griseimembra,Leontopithecus_rosalia,Propithecus_diadema
b_150	Cercopithecus_nictitans,Pongo_abelii,Pongo_pygmaeus,Semnopithecus_schistaceus	Aotus_azarae,Cebuella_niveiventris,Propithecus_coquereli
b_151	Cercopithecus_lowei,Gorilla_gorilla,Pan_paniscus,Trachypithecus_phayrei	Aotus_trivirgatus,Avahi_peyrierasi,Leontocebus_fuscicolis
b_152	Gorilla_beringei,Pongo_pygmaeus,Semnopithecus_vetulus,Theropithecus_gelada	Aotus_azarae,Leontopithecus_chrysomelas,Propithecus_perrieri
b_153	Cercopithecus_nictitans,Gorilla_gorilla,Pan_troglodytes,Semnopithecus_schistaceus	Aotus_azarae,Callimico_goeldii,Propithecus_coronatus
b_154	Gorilla_gorilla,Pan_paniscus,Piliocolobus_tephrosceles,Trachypithecus_pileatus	Aotus_griseimembra,Indri_indri,Mico_argentatus
b_155	Cercopithecus_petaurista,Gorilla_beringei,Macaca_maura,Pan_troglodytes	Aotus_trivirgatus,Leontopithecus_chrysomelas,Propithecus_perrieri
b_156	Piliocolobus_gordonorum,Pongo_abelii,Pongo_pygmaeus,Trachypithecus_auratus	Aotus_vociferans,Callimico_goeldii,Propithecus_coquereli
b_157	Allochrocebus_preussi,Cercopithecus_mitis,Gorilla_gorilla,Pongo_abelii	Aotus_trivirgatus,Leontocebus_fuscicolis,Propithecus_coquereli
b_158	Gorilla_gorilla,Macaca_maura,Pan_paniscus,Semnopithecus_schistaceus	Aotus_trivirgatus,Propithecus_diadema,Saguinus_midas
b_159	Cercopithecus_mitis,Pan_troglodytes,Piliocolobus_tephrosceles,Pongo_abelii	Aotus_griseimembra,Avahi_peyrierasi,Callithrix_geoffroyi
b_160	Papio_hamadryas,Piliocolobus_kirkii,Pongo_abelii,Pongo_pygmaeus	Aotus_vociferans,Callithrix_kuhlii,Propithecus_verreauxi
b_161	Cercopithecus_nictitans,Macaca_cyclopis,Pan_paniscus,Pongo_abelii	Aotus_griseimembra,Propithecus_coquereli,Saguinus_imperator
b_162	Allenopithecus_nigroviridis,Cercopithecus_ascanius,Gorilla_gorilla,Pan_troglodytes	Aotus_griseimembra,Propithecus_tattersalli,Saguinus_inustus
b_163	Cercopithecus_ascanius,Cercopithecus_lowei,Pan_paniscus,Pongo_pygmaeus	Aotus_griseimembra,Indri_indri,Saguinus_geoffroyi
b_164	Gorilla_gorilla,Mandrillus_sphinx,Pan_paniscus,Trachypithecus_francoisi	Aotus_vociferans,Leontocebus_fuscicolis,Propithecus_verreauxi
b_165	Erythrocebus_patas,Gorilla_beringei,Pongo_abelii,Trachypithecus_germaini	Aotus_trivirgatus,Propithecus_perrieri,Saguinus_geoffroyi
b_166	Pan_paniscus,Pongo_abelii,Semnopithecus_entellus,Trachypithecus_phayrei	Aotus_griseimembra,Propithecus_diadema,Saguinus_midas
b_167	Gorilla_beringei,Gorilla_gorilla,Macaca_cyclopis,Macaca_maura	Aotus_griseimembra,Avahi_peyrierasi,Saguinus_midas
b_168	Cercocebus_lunulatus,Pongo_abelii,Pongo_pygmaeus,Semnopithecus_vetulus	Aotus_azarae,Leontopithecus_rosalia,Propithecus_edwardsi
b_169	Macaca_fuscata,Pan_troglodytes,Piliocolobus_tephrosceles,Pongo_pygmaeus	Aotus_trivirgatus,Callibella_humilis,Propithecus_coquereli
b_170	Allochrocebus_lhoesti,Gorilla_beringei,Pan_paniscus,Trachypithecus_phayrei	Aotus_azarae,Avahi_peyrierasi,Leontocebus_fuscicolis
b_171	Allenopithecus_nigroviridis,Piliocolobus_tephrosceles,Pongo_abelii,Pongo_pygmaeus	Aotus_trivirgatus,Leontocebus_illigeri,Propithecus_coquereli
b_172	Gorilla_gorilla,Macaca_siberu,Pongo_pygmaeus,Trachypithecus_crepusculus	Aotus_vociferans,Callimico_goeldii,Propithecus_diadema
b_173	Allochrocebus_lhoesti,Gorilla_gorilla,Macaca_cyclopis,Pan_paniscus	Aotus_azarae,Leontocebus_fuscicolis,Propithecus_tattersalli
b_174	Cercocebus_chrysogaster,Cercopithecus_cephus,Gorilla_gorilla,Pongo_abelii	Aotus_griseimembra,Mico_argentatus,Propithecus_coronatus
b_175	Gorilla_beringei,Macaca_assamensis,Mandrillus_leucophaeus,Pongo_pygmaeus	Aotus_trivirgatus,Leontocebus_nigricollis,Propithecus_tattersalli
b_176	Allenopithecus_nigroviridis,Gorilla_beringei,Pongo_abelii,Rhinopithecus_bieti	Aotus_trivirgatus,Callithrix_geoffroyi,Propithecus_coquereli
b_177	Gorilla_beringei,Papio_papio,Pongo_abelii,Trachypithecus_leucocephalus	Aotus_azarae,Propithecus_coronatus,Saguinus_inustus
b_178	Cercopithecus_mitis,Gorilla_gorilla,Pongo_abelii,Presbytis_comata	Aotus_vociferans,Leontopithecus_rosalia,Propithecus_coquereli
b_179	Pan_paniscus,Pongo_abelii,Semnopithecus_priam,Trachypithecus_hatinhensis	Aotus_vociferans,Avahi_peyrierasi,Leontopithecus_chrysomelas
b_180	Gorilla_gorilla,Pongo_pygmaeus,Trachypithecus_hatinhensis,Trachypithecus_obscurus	Aotus_vociferans,Callithrix_geoffroyi,Indri_indri
b_181	Cercopithecus_cephus,Cercopithecus_mitis,Gorilla_gorilla,Pongo_pygmaeus	Aotus_vociferans,Callithrix_kuhlii,Indri_indri
b_182	Gorilla_beringei,Pan_paniscus,Piliocolobus_tephrosceles,Trachypithecus_crepusculus	Aotus_griseimembra,Callibella_humilis,Indri_indri
b_183	Gorilla_beringei,Gorilla_gorilla,Macaca_thibetana,Miopithecus_ogouensis	Aotus_trivirgatus,Cebuella_niveiventris,Propithecus_edwardsi
b_184	Mandrillus_sphinx,Pan_paniscus,Pongo_pygmaeus,Trachypithecus_crepusculus	Aotus_trivirgatus,Avahi_peyrierasi,Mico_humeralifer
b_185	Gorilla_gorilla,Macaca_fuscata,Macaca_nemestrina,Pongo_pygmaeus	Aotus_trivirgatus,Cebuella_niveiventris,Indri_indri
b_186	Colobus_angolensis,Gorilla_gorilla,Macaca_nemestrina,Pongo_abelii	Aotus_vociferans,Leontocebus_fuscicolis,Propithecus_verreauxi
b_187	Miopithecus_ogouensis,Pan_paniscus,Pongo_pygmaeus,Pygathrix_cinerea	Aotus_vociferans,Cebuella_niveiventris,Propithecus_verreauxi
b_188	Gorilla_beringei,Pan_paniscus,Papio_papio,Semnopithecus_johnii	Aotus_griseimembra,Propithecus_verreauxi,Saguinus_midas
b_189	Gorilla_gorilla,Pongo_pygmaeus,Presbytis_comata,Pygathrix_nemaeus	Aotus_vociferans,Cebuella_pygmaea,Propithecus_coquereli
b_190	Gorilla_beringei,Pan_troglodytes,Semnopithecus_priam,Trachypithecus_germaini	Aotus_trivirgatus,Cebuella_niveiventris,Propithecus_diadema
b_191	Cercopithecus_mona,Gorilla_beringei,Pan_paniscus,Trachypithecus_geei	Aotus_vociferans,Cebuella_niveiventris,Propithecus_tattersalli
b_192	Pan_troglodytes,Papio_anubis,Pongo_abelii,Pygathrix_nemaeus	Aotus_vociferans,Propithecus_coquereli,Saguinus_geoffroyi
b_193	Cercocebus_torquatus,Cercopithecus_mitis,Gorilla_beringei,Pan_paniscus	Aotus_trivirgatus,Propithecus_verreauxi,Saguinus_midas
b_194	Cercopithecus_diana,Pan_troglodytes,Papio_kindae,Pongo_abelii	Aotus_trivirgatus,Indri_indri,Saguinus_labiatus
b_195	Macaca_siberu,Pan_paniscus,Pan_troglodytes,Trachypithecus_auratus	Aotus_trivirgatus,Leontocebus_illigeri,Propithecus_diadema
b_196	Gorilla_beringei,Macaca_leonina,Pongo_abelii,Semnopithecus_schistaceus	Aotus_griseimembra,Avahi_laniger,Saguinus_oedipus
b_197	Gorilla_beringei,Macaca_maura,Pan_troglodytes,Rhinopithecus_bieti	Aotus_azarae,Avahi_peyrierasi,Saguinus_bicolor
b_198	Pan_paniscus,Pan_troglodytes,Pygathrix_nigripes,Rhinopithecus_bieti	Aotus_trivirgatus,Avahi_peyrierasi,Leontocebus_nigricollis
b_199	Macaca_nemestrina,Macaca_radiata,Pan_paniscus,Pan_troglodytes	Aotus_azarae,Indri_indri,Leontocebus_illigeri
b_200	Allochrocebus_preussi,Cercopithecus_mona,Gorilla_beringei,Pongo_abelii	Aotus_vociferans,Callibella_humilis,Indri_indri
b_201	Gorilla_gorilla,Macaca_assamensis,Pongo_pygmaeus,Trachypithecus_hatinhensis	Aotus_trivirgatus,Propithecus_verreauxi,Saguinus_imperator
b_202	Colobus_polykomos,Gorilla_beringei,Macaca_cyclopis,Pan_troglodytes	Aotus_azarae,Indri_indri,Leontopithecus_rosalia
b_203	Gorilla_beringei,Macaca_leonina,Mandrillus_leucophaeus,Pan_paniscus	Aotus_griseimembra,Propithecus_tattersalli,Saguinus_labiatus
b_204	Macaca_mulatta,Miopithecus_ogouensis,Pan_paniscus,Pongo_abelii	Aotus_vociferans,Propithecus_verreauxi,Saguinus_midas
b_205	Cercopithecus_petaurista,Macaca_siberu,Pongo_abelii,Pongo_pygmaeus	Aotus_griseimembra,Callibella_humilis,Indri_indri
b_206	Cercopithecus_mona,Gorilla_gorilla,Pan_paniscus,Pygathrix_nemaeus	Aotus_trivirgatus,Leontopithecus_chrysomelas,Propithecus_coquereli
b_207	Cercopithecus_diana,Gorilla_gorilla,Pan_troglodytes,Theropithecus_gelada	Aotus_vociferans,Avahi_peyrierasi,Leontopithecus_chrysomelas
b_208	Cercopithecus_pogonias,Colobus_guereza,Pan_troglodytes,Pongo_abelii	Aotus_azarae,Cebuella_niveiventris,Propithecus_diadema
b_209	Pan_paniscus,Piliocolobus_badius,Pongo_pygmaeus,Presbytis_mitrata	Aotus_trivirgatus,Callithrix_geoffroyi,Propithecus_coronatus
b_210	Macaca_cyclopis,Pan_paniscus,Piliocolobus_badius,Pongo_abelii	Aotus_trivirgatus,Leontopithecus_chrysomelas,Propithecus_edwardsi
b_211	Cercocebus_chrysogaster,Gorilla_gorilla,Pan_troglodytes,Semnopithecus_vetulus	Aotus_vociferans,Avahi_laniger,Saguinus_mystax
b_212	Gorilla_beringei,Pan_paniscus,Semnopithecus_priam,Trachypithecus_laotum	Aotus_azarae,Leontopithecus_chrysomelas,Propithecus_perrieri
b_213	Colobus_guereza,Gorilla_beringei,Gorilla_gorilla,Papio_papio	Aotus_trivirgatus,Propithecus_coquereli,Saguinus_mystax
b_214	Macaca_nemestrina,Pan_paniscus,Papio_kindae,Pongo_pygmaeus	Aotus_trivirgatus,Leontopithecus_chrysomelas,Propithecus_coquereli
b_215	Cercocebus_chrysogaster,Gorilla_beringei,Macaca_radiata,Pan_troglodytes	Aotus_vociferans,Avahi_peyrierasi,Saguinus_imperator
b_216	Gorilla_gorilla,Macaca_fascicularis,Macaca_maura,Pan_paniscus	Aotus_azarae,Propithecus_coquereli,Saguinus_midas
b_217	Allenopithecus_nigroviridis,Cercocebus_torquatus,Gorilla_beringei,Gorilla_gorilla	Aotus_trivirgatus,Propithecus_perrieri,Saguinus_imperator
b_218	Gorilla_gorilla,Pongo_pygmaeus,Rhinopithecus_roxellana,Trachypithecus_laotum	Aotus_trivirgatus,Mico_argentatus,Propithecus_tattersalli
b_219	Cercopithecus_neglectus,Gorilla_beringei,Pongo_abelii,Rhinopithecus_roxellana	Aotus_azarae,Callimico_goeldii,Propithecus_perrieri
b_220	Chlorocebus_pygerythrus,Gorilla_gorilla,Pan_troglodytes,Papio_papio	Aotus_griseimembra,Propithecus_edwardsi,Saguinus_bicolor
b_221	Macaca_nemestrina,Pan_paniscus,Pan_troglodytes,Rhinopithecus_bieti	Aotus_trivirgatus,Propithecus_diadema,Saguinus_mystax
b_222	Cercocebus_torquatus,Colobus_polykomos,Gorilla_gorilla,Pan_paniscus	Aotus_trivirgatus,Propithecus_perrieri,Saguinus_mystax
b_223	Cercopithecus_hamlyni,Cercopithecus_mitis,Gorilla_beringei,Gorilla_gorilla	Aotus_vociferans,Callibella_humilis,Propithecus_edwardsi
b_224	Macaca_mulatta,Pan_troglodytes,Pongo_pygmaeus,Trachypithecus_francoisi	Aotus_trivirgatus,Mico_argentatus,Propithecus_verreauxi
b_225	Pan_troglodytes,Pongo_abelii,Presbytis_comata,Trachypithecus_cristatus	Aotus_vociferans,Mico_argentatus,Propithecus_verreauxi
b_226	Cercocebus_chrysogaster,Pongo_abelii,Pongo_pygmaeus,Trachypithecus_obscurus	Aotus_vociferans,Indri_indri,Saguinus_labiatus
b_227	Gorilla_gorilla,Macaca_leonina,Pongo_abelii,Trachypithecus_laotum	Aotus_vociferans,Propithecus_perrieri,Saguinus_midas
b_228	Cercopithecus_mona,Gorilla_gorilla,Piliocolobus_gordonorum,Pongo_abelii	Aotus_vociferans,Callibella_humilis,Indri_indri
b_229	Pan_paniscus,Piliocolobus_tephrosceles,Pongo_abelii,Trachypithecus_francoisi	Aotus_griseimembra,Leontocebus_nigricollis,Propithecus_diadema
b_230	Cercocebus_torquatus,Cercopithecus_mona,Gorilla_gorilla,Pan_troglodytes	Aotus_trivirgatus,Callithrix_jacchus,Propithecus_coronatus
b_231	Cercocebus_torquatus,Cercopithecus_diana,Pongo_abelii,Pongo_pygmaeus	Aotus_vociferans,Cebuella_pygmaea,Propithecus_coquereli
b_232	Cercopithecus_mitis,Gorilla_beringei,Pan_paniscus,Theropithecus_gelada	Aotus_griseimembra,Callithrix_jacchus,Indri_indri
b_233	Gorilla_beringei,Pan_paniscus,Pygathrix_nigripes,Semnopithecus_schistaceus	Aotus_griseimembra,Callithrix_geoffroyi,Propithecus_verreauxi
b_234	Allochrocebus_preussi,Gorilla_gorilla,Macaca_fascicularis,Pan_paniscus	Aotus_griseimembra,Callithrix_geoffroyi,Propithecus_diadema
b_235	Cercocebus_lunulatus,Cercopithecus_neglectus,Gorilla_gorilla,Pan_troglodytes	Aotus_vociferans,Propithecus_coquereli,Saguinus_inustus
b_236	Erythrocebus_patas,Pan_troglodytes,Pongo_pygmaeus,Semnopithecus_priam	Aotus_griseimembra,Avahi_peyrierasi,Mico_humeralifer
b_237	Gorilla_gorilla,Piliocolobus_tephrosceles,Pongo_pygmaeus,Trachypithecus_obscurus	Aotus_trivirgatus,Propithecus_perrieri,Saguinus_oedipus
b_238	Cercopithecus_pogonias,Pan_paniscus,Pan_troglodytes,Pygathrix_nemaeus	Aotus_azarae,Callithrix_geoffroyi,Indri_indri
b_239	Macaca_maura,Macaca_nemestrina,Pan_troglodytes,Pongo_pygmaeus	Aotus_azarae,Leontopithecus_rosalia,Propithecus_tattersalli
b_240	Chlorocebus_pygerythrus,Pan_paniscus,Pongo_pygmaeus,Presbytis_mitrata	Aotus_azarae,Leontocebus_illigeri,Propithecus_verreauxi
b_241	Cercopithecus_mona,Colobus_angolensis,Gorilla_beringei,Pan_troglodytes	Aotus_griseimembra,Propithecus_diadema,Saguinus_mystax
b_242	Gorilla_beringei,Papio_hamadryas,Papio_kindae,Pongo_pygmaeus	Aotus_trivirgatus,Leontocebus_fuscicolis,Propithecus_coronatus
b_243	Gorilla_beringei,Pan_troglodytes,Piliocolobus_tephrosceles,Trachypithecus_leucocephalus	Aotus_vociferans,Avahi_laniger,Leontopithecus_chrysomelas
b_244	Miopithecus_ogouensis,Pan_troglodytes,Pongo_pygmaeus,Trachypithecus_crepusculus	Aotus_azarae,Leontocebus_illigeri,Propithecus_perrieri
b_245	Chlorocebus_pygerythrus,Gorilla_beringei,Pan_paniscus,Semnopithecus_schistaceus	Aotus_trivirgatus,Indri_indri,Saguinus_bicolor
b_246	Lophocebus_aterrimus,Pan_paniscus,Pan_troglodytes,Papio_ursinus	Aotus_griseimembra,Avahi_laniger,Callimico_goeldii
b_247	Chlorocebus_pygerythrus,Colobus_polykomos,Pan_paniscus,Pongo_pygmaeus	Aotus_azarae,Leontopithecus_chrysomelas,Propithecus_verreauxi
b_248	Cercopithecus_mona,Gorilla_beringei,Macaca_nigra,Pongo_pygmaeus	Aotus_griseimembra,Indri_indri,Saguinus_inustus
b_249	Miopithecus_ogouensis,Pan_troglodytes,Piliocolobus_gordonorum,Pongo_pygmaeus	Aotus_trivirgatus,Propithecus_verreauxi,Saguinus_imperator
b_250	Cercopithecus_ascanius,Cercopithecus_cephus,Pan_troglodytes,Pongo_abelii	Aotus_trivirgatus,Cebuella_niveiventris,Indri_indri
b_251	Gorilla_beringei,Piliocolobus_kirkii,Pongo_pygmaeus,Pygathrix_nemaeus	Aotus_griseimembra,Mico_argentatus,Propithecus_tattersalli
b_252	Colobus_angolensis,Gorilla_beringei,Macaca_assamensis,Pan_troglodytes	Aotus_griseimembra,Callithrix_kuhlii,Propithecus_tattersalli
b_253	Gorilla_beringei,Gorilla_gorilla,Macaca_maura,Theropithecus_gelada	Aotus_trivirgatus,Propithecus_tattersalli,Saguinus_inustus
b_254	Gorilla_gorilla,Pan_paniscus,Piliocolobus_tephrosceles,Trachypithecus_pileatus	Aotus_griseimembra,Avahi_peyrierasi,Saguinus_imperator
b_255	Cercocebus_lunulatus,Gorilla_gorilla,Pan_troglodytes,Pygathrix_nemaeus	Aotus_azarae,Mico_humeralifer,Propithecus_tattersalli
b_256	Cercocebus_lunulatus,Cercopithecus_hamlyni,Gorilla_beringei,Pongo_abelii	Aotus_griseimembra,Propithecus_coronatus,Saguinus_geoffroyi
b_257	Allenopithecus_nigroviridis,Miopithecus_ogouensis,Pan_paniscus,Pongo_abelii	Aotus_azarae,Leontopithecus_rosalia,Propithecus_diadema
b_258	Macaca_radiata,Miopithecus_ogouensis,Pan_troglodytes,Pongo_abelii	Aotus_trivirgatus,Mico_humeralifer,Propithecus_edwardsi
b_259	Cercopithecus_pogonias,Gorilla_beringei,Pan_troglodytes,Semnopithecus_schistaceus	Aotus_azarae,Cebuella_pygmaea,Propithecus_diadema
b_260	Cercopithecus_roloway,Colobus_angolensis,Pan_paniscus,Pongo_pygmaeus	Aotus_trivirgatus,Propithecus_verreauxi,Saguinus_imperator
b_261	Gorilla_gorilla,Macaca_siberu,Pongo_abelii,Trachypithecus_pileatus	Aotus_trivirgatus,Avahi_laniger,Callibella_humilis
b_262	Allochrocebus_solatus,Gorilla_beringei,Pan_troglodytes,Semnopithecus_johnii	Aotus_trivirgatus,Callithrix_kuhlii,Propithecus_tattersalli
b_263	Cercopithecus_cephus,Gorilla_beringei,Macaca_arctoides,Pan_troglodytes	Aotus_trivirgatus,Propithecus_diadema,Saguinus_midas
b_264	Pan_paniscus,Pongo_abelii,Trachypithecus_hatinhensis,Trachypithecus_obscurus	Aotus_trivirgatus,Callithrix_geoffroyi,Propithecus_perrieri
b_265	Cercopithecus_nictitans,Gorilla_gorilla,Pongo_pygmaeus,Presbytis_comata	Aotus_griseimembra,Propithecus_perrieri,Saguinus_imperator
b_266	Cercopithecus_cephus,Gorilla_gorilla,Pan_troglodytes,Rhinopithecus_bieti	Aotus_vociferans,Propithecus_tattersalli,Saguinus_imperator
b_267	Gorilla_gorilla,Pan_paniscus,Pygathrix_nemaeus,Rhinopithecus_roxellana	Aotus_trivirgatus,Callithrix_geoffroyi,Propithecus_coronatus
b_268	Chlorocebus_pygerythrus,Pan_paniscus,Pongo_pygmaeus,Trachypithecus_pileatus	Aotus_griseimembra,Propithecus_tattersalli,Saguinus_inustus
b_269	Cercopithecus_cephus,Gorilla_gorilla,Macaca_nigra,Pan_paniscus	Aotus_griseimembra,Avahi_peyrierasi,Saguinus_oedipus
b_270	Gorilla_beringei,Macaca_tonkeana,Pan_troglodytes,Trachypithecus_pileatus	Aotus_griseimembra,Leontopithecus_rosalia,Propithecus_coquereli
b_271	Cercocebus_torquatus,Gorilla_beringei,Gorilla_gorilla,Semnopithecus_entellus	Aotus_azarae,Indri_indri,Leontopithecus_chrysomelas
b_272	Gorilla_beringei,Macaca_nemestrina,Pan_troglodytes,Trachypithecus_laotum	Aotus_azarae,Mico_argentatus,Propithecus_verreauxi
b_273	Gorilla_gorilla,Pan_paniscus,Papio_anubis,Semnopithecus_priam	Aotus_griseimembra,Leontocebus_nigricollis,Propithecus_verreauxi
b_274	Cercopithecus_ascanius,Gorilla_beringei,Mandrillus_leucophaeus,Pongo_pygmaeus	Aotus_azarae,Callibella_humilis,Propithecus_diadema
b_275	Cercocebus_lunulatus,Gorilla_beringei,Mandrillus_sphinx,Pongo_abelii	Aotus_trivirgatus,Avahi_laniger,Leontocebus_illigeri
b_276	Gorilla_beringei,Pan_troglodytes,Piliocolobus_badius,Trachypithecus_francoisi	Aotus_vociferans,Cebuella_niveiventris,Indri_indri
b_277	Macaca_nemestrina,Pan_troglodytes,Papio_kindae,Pongo_abelii	Aotus_azarae,Callithrix_jacchus,Propithecus_coronatus
b_278	Gorilla_beringei,Pan_paniscus,Semnopithecus_entellus,Trachypithecus_geei	Aotus_azarae,Propithecus_tattersalli,Saguinus_inustus
b_279	Cercopithecus_lowei,Cercopithecus_mona,Pan_troglodytes,Pongo_pygmaeus	Aotus_trivirgatus,Indri_indri,Leontopithecus_rosalia
b_280	Cercopithecus_neglectus,Colobus_polykomos,Gorilla_gorilla,Pan_paniscus	Aotus_trivirgatus,Cebuella_pygmaea,Indri_indri
b_281	Macaca_mulatta,Macaca_siberu,Pongo_abelii,Pongo_pygmaeus	Aotus_azarae,Indri_indri,Mico_humeralifer
b_282	Gorilla_beringei,Gorilla_gorilla,Macaca_silenus,Trachypithecus_laotum	Aotus_azarae,Propithecus_edwardsi,Saguinus_oedipus
b_283	Gorilla_gorilla,Pan_paniscus,Piliocolobus_gordonorum,Trachypithecus_crepusculus	Aotus_azarae,Cebuella_pygmaea,Propithecus_coquereli
b_284	Cercopithecus_ascanius,Gorilla_gorilla,Macaca_cyclopis,Pan_troglodytes	Aotus_vociferans,Leontocebus_fuscicolis,Propithecus_verreauxi
b_285	Erythrocebus_patas,Lophocebus_aterrimus,Pan_paniscus,Pongo_abelii	Aotus_azarae,Callibella_humilis,Propithecus_coquereli
b_286	Cercopithecus_pogonias,Gorilla_gorilla,Macaca_fuscata,Pan_troglodytes	Aotus_griseimembra,Avahi_laniger,Cebuella_niveiventris
b_287	Macaca_assamensis,Pan_paniscus,Pongo_pygmaeus,Pygathrix_nigripes	Aotus_trivirgatus,Leontocebus_illigeri,Propithecus_diadema
b_288	Cercopithecus_lowei,Cercopithecus_mona,Gorilla_gorilla,Pongo_pygmaeus	Aotus_vociferans,Avahi_peyrierasi,Mico_argentatus
b_289	Erythrocebus_patas,Pan_troglodytes,Pongo_pygmaeus,Trachypithecus_geei	Aotus_azarae,Avahi_laniger,Leontopithecus_chrysomelas
b_290	Allochrocebus_preussi,Papio_ursinus,Pongo_abelii,Pongo_pygmaeus	Aotus_azarae,Leontocebus_fuscicolis,Propithecus_perrieri
b_291	Cercopithecus_mitis,Macaca_fascicularis,Pan_troglodytes,Pongo_pygmaeus	Aotus_trivirgatus,Callithrix_geoffroyi,Propithecus_verreauxi
b_292	Gorilla_gorilla,Papio_cynocephalus,Pongo_abelii,Presbytis_mitrata	Aotus_trivirgatus,Mico_argentatus,Propithecus_perrieri
b_293	Pan_troglodytes,Papio_hamadryas,Pongo_abelii,Trachypithecus_cristatus	Aotus_azarae,Callimico_goeldii,Propithecus_coquereli
b_294	Gorilla_gorilla,Pongo_pygmaeus,Semnopithecus_johnii,Trachypithecus_pileatus	Aotus_griseimembra,Avahi_laniger,Cebuella_pygmaea
b_295	Gorilla_gorilla,Macaca_nemestrina,Pan_troglodytes,Trachypithecus_obscurus	Aotus_trivirgatus,Leontopithecus_rosalia,Propithecus_edwardsi
b_296	Gorilla_beringei,Gorilla_gorilla,Trachypithecus_geei,Trachypithecus_obscurus	Aotus_azarae,Propithecus_perrieri,Saguinus_imperator
b_297	Gorilla_beringei,Pongo_abelii,Presbytis_comata,Trachypithecus_geei	Aotus_trivirgatus,Propithecus_tattersalli,Saguinus_bicolor
b_298	Chlorocebus_pygerythrus,Nasalis_larvatus,Pan_paniscus,Pan_troglodytes	Aotus_vociferans,Callithrix_kuhlii,Propithecus_edwardsi
b_299	Cercocebus_chrysogaster,Gorilla_beringei,Gorilla_gorilla,Macaca_cyclopis	Aotus_azarae,Propithecus_perrieri,Saguinus_inustus
b_300	Gorilla_gorilla,Lophocebus_aterrimus,Pongo_abelii,Trachypithecus_pileatus	Aotus_vociferans,Cebuella_niveiventris,Propithecus_verreauxi
b_301	Gorilla_beringei,Pan_paniscus,Papio_papio,Trachypithecus_phayrei	Aotus_griseimembra,Propithecus_coquereli,Saguinus_labiatus
b_302	Cercopithecus_ascanius,Pan_paniscus,Pongo_abelii,Semnopithecus_hypoleucos	Aotus_vociferans,Avahi_peyrierasi,Cebuella_pygmaea
b_303	Gorilla_gorilla,Macaca_tonkeana,Pan_troglodytes,Semnopithecus_priam	Aotus_griseimembra,Avahi_laniger,Mico_argentatus
b_304	Cercopithecus_neglectus,Gorilla_beringei,Macaca_nemestrina,Pongo_abelii	Aotus_azarae,Leontocebus_illigeri,Propithecus_coronatus
b_305	Pan_troglodytes,Pongo_pygmaeus,Pygathrix_cinerea,Theropithecus_gelada	Aotus_griseimembra,Propithecus_coronatus,Saguinus_imperator
b_306	Cercopithecus_lowei,Macaca_leonina,Pan_paniscus,Pongo_pygmaeus	Aotus_azarae,Avahi_laniger,Mico_argentatus
b_307	Cercocebus_lunulatus,Gorilla_beringei,Papio_anubis,Pongo_abelii	Aotus_azarae,Cebuella_niveiventris,Propithecus_coquereli
b_308	Cercopithecus_petaurista,Pongo_abelii,Pongo_pygmaeus,Trachypithecus_phayrei	Aotus_vociferans,Callibella_humilis,Propithecus_coquereli
b_309	Pan_paniscus,Piliocolobus_badius,Pongo_pygmaeus,Trachypithecus_pileatus	Aotus_vociferans,Cebuella_pygmaea,Propithecus_verreauxi
b_310	Cercopithecus_lowei,Gorilla_gorilla,Pan_troglodytes,Trachypithecus_germaini	Aotus_vociferans,Leontocebus_illigeri,Propithecus_edwardsi
b_311	Gorilla_gorilla,Macaca_nigra,Pan_troglodytes,Papio_ursinus	Aotus_vociferans,Propithecus_diadema,Saguinus_bicolor
b_312	Macaca_fascicularis,Pan_troglodytes,Piliocolobus_tephrosceles,Pongo_pygmaeus	Aotus_griseimembra,Callithrix_geoffroyi,Propithecus_perrieri
b_313	Colobus_polykomos,Pongo_abelii,Pongo_pygmaeus,Trachypithecus_laotum	Aotus_azarae,Avahi_peyrierasi,Saguinus_labiatus
b_314	Gorilla_gorilla,Macaca_nemestrina,Mandrillus_leucophaeus,Pongo_abelii	Aotus_vociferans,Propithecus_coronatus,Saguinus_midas
b_315	Gorilla_beringei,Macaca_nemestrina,Pan_troglodytes,Trachypithecus_leucocephalus	Aotus_azarae,Propithecus_coquereli,Saguinus_imperator
b_316	Gorilla_beringei,Pan_paniscus,Papio_kindae,Pygathrix_nigripes	Aotus_trivirgatus,Leontocebus_fuscicolis,Propithecus_diadema
b_317	Gorilla_gorilla,Macaca_thibetana,Pongo_abelii,Trachypithecus_cristatus	Aotus_vociferans,Leontocebus_nigricollis,Propithecus_coquereli
b_318	Macaca_nemestrina,Pan_paniscus,Papio_cynocephalus,Pongo_pygmaeus	Aotus_vociferans,Indri_indri,Mico_humeralifer
b_319	Gorilla_beringei,Macaca_siberu,Papio_ursinus,Pongo_abelii	Aotus_vociferans,Avahi_peyrierasi,Saguinus_bicolor
b_320	Colobus_angolensis,Gorilla_beringei,Macaca_assamensis,Pan_paniscus	Aotus_azarae,Avahi_peyrierasi,Saguinus_imperator
b_321	Cercopithecus_mitis,Nasalis_larvatus,Pan_paniscus,Pongo_abelii	Aotus_trivirgatus,Propithecus_verreauxi,Saguinus_midas
b_322	Cercopithecus_lowei,Gorilla_beringei,Pan_paniscus,Piliocolobus_gordonorum	Aotus_griseimembra,Cebuella_pygmaea,Propithecus_coronatus
b_323	Gorilla_gorilla,Macaca_nemestrina,Pan_troglodytes,Semnopithecus_hypoleucos	Aotus_vociferans,Callithrix_jacchus,Propithecus_edwardsi
b_324	Allenopithecus_nigroviridis,Gorilla_gorilla,Macaca_tonkeana,Pongo_abelii	Aotus_trivirgatus,Avahi_laniger,Leontocebus_nigricollis
b_325	Colobus_polykomos,Gorilla_gorilla,Pongo_abelii,Trachypithecus_pileatus	Aotus_griseimembra,Propithecus_coronatus,Saguinus_geoffroyi
b_326	Cercopithecus_roloway,Macaca_siberu,Pan_paniscus,Pan_troglodytes	Aotus_griseimembra,Callithrix_geoffroyi,Propithecus_edwardsi
b_327	Cercocebus_torquatus,Cercopithecus_lowei,Gorilla_gorilla,Pan_troglodytes	Aotus_griseimembra,Avahi_laniger,Saguinus_oedipus
b_328	Piliocolobus_badius,Pongo_abelii,Pongo_pygmaeus,Pygathrix_nemaeus	Aotus_griseimembra,Mico_argentatus,Propithecus_verreauxi
b_329	Cercopithecus_pogonias,Cercopithecus_roloway,Gorilla_beringei,Gorilla_gorilla	Aotus_trivirgatus,Avahi_peyrierasi,Cebuella_pygmaea
b_330	Gorilla_gorilla,Pan_paniscus,Semnopithecus_schistaceus,Trachypithecus_crepusculus	Aotus_azarae,Indri_indri,Saguinus_geoffroyi
b_331	Macaca_nemestrina,Pan_paniscus,Pan_troglodytes,Piliocolobus_gordonorum	Aotus_griseimembra,Propithecus_coronatus,Saguinus_midas
b_332	Macaca_silenus,Mandrillus_sphinx,Pan_paniscus,Pan_troglodytes	Aotus_trivirgatus,Callithrix_kuhlii,Propithecus_coronatus
b_333	Pan_paniscus,Pongo_abelii,Trachypithecus_hatinhensis,Trachypithecus_laotum	Aotus_azarae,Leontopithecus_rosalia,Propithecus_perrieri
b_334	Allenopithecus_nigroviridis,Cercocebus_torquatus,Pan_paniscus,Pan_troglodytes	Aotus_vociferans,Propithecus_perrieri,Saguinus_inustus
b_335	Lophocebus_aterrimus,Macaca_assamensis,Pan_paniscus,Pongo_abelii	Aotus_azarae,Cebuella_pygmaea,Propithecus_edwardsi
b_336	Allochrocebus_lhoesti,Cercocebus_torquatus,Gorilla_gorilla,Pan_troglodytes	Aotus_vociferans,Avahi_peyrierasi,Mico_argentatus
b_337	Mandrillus_leucophaeus,Pan_paniscus,Pan_troglodytes,Piliocolobus_kirkii	Aotus_trivirgatus,Avahi_peyrierasi,Cebuella_pygmaea
b_338	Papio_ursinus,Pongo_abelii,Pongo_pygmaeus,Pygathrix_nigripes	Aotus_vociferans,Avahi_peyrierasi,Leontocebus_fuscicolis
b_339	Gorilla_gorilla,Nasalis_larvatus,Pongo_abelii,Trachypithecus_auratus	Aotus_griseimembra,Propithecus_verreauxi,Saguinus_inustus
b_340	Macaca_silenus,Piliocolobus_badius,Pongo_abelii,Pongo_pygmaeus	Aotus_trivirgatus,Callithrix_jacchus,Propithecus_verreauxi
b_341	Gorilla_beringei,Macaca_nigra,Pan_troglodytes,Semnopithecus_vetulus	Aotus_griseimembra,Avahi_laniger,Callimico_goeldii
b_342	Cercopithecus_pogonias,Gorilla_gorilla,Macaca_maura,Pan_troglodytes	Aotus_vociferans,Avahi_peyrierasi,Saguinus_labiatus
b_343	Cercocebus_lunulatus,Cercopithecus_mitis,Pan_paniscus,Pan_troglodytes	Aotus_vociferans,Callithrix_geoffroyi,Propithecus_verreauxi
b_344	Cercopithecus_pogonias,Gorilla_beringei,Pan_paniscus,Piliocolobus_badius	Aotus_vociferans,Cebuella_pygmaea,Propithecus_coquereli
b_345	Gorilla_gorilla,Macaca_nigra,Pongo_pygmaeus,Semnopithecus_johnii	Aotus_griseimembra,Callibella_humilis,Propithecus_perrieri
b_346	Mandrillus_sphinx,Pan_troglodytes,Pongo_pygmaeus,Semnopithecus_schistaceus	Aotus_trivirgatus,Avahi_laniger,Callithrix_geoffroyi
b_347	Cercopithecus_diana,Gorilla_gorilla,Pongo_abelii,Semnopithecus_vetulus	Aotus_trivirgatus,Mico_humeralifer,Propithecus_coquereli
b_348	Cercopithecus_petaurista,Gorilla_gorilla,Pongo_pygmaeus,Trachypithecus_leucocephalus	Aotus_griseimembra,Propithecus_verreauxi,Saguinus_imperator
b_349	Cercopithecus_pogonias,Pan_paniscus,Pongo_pygmaeus,Trachypithecus_crepusculus	Aotus_trivirgatus,Leontocebus_nigricollis,Propithecus_diadema
b_350	Gorilla_beringei,Gorilla_gorilla,Macaca_radiata,Pygathrix_cinerea	Aotus_vociferans,Callithrix_geoffroyi,Propithecus_edwardsi
b_351	Gorilla_beringei,Macaca_arctoides,Macaca_siberu,Pan_paniscus	Aotus_azarae,Propithecus_verreauxi,Saguinus_mystax
b_352	Macaca_leonina,Pan_troglodytes,Piliocolobus_tephrosceles,Pongo_abelii	Aotus_azarae,Avahi_laniger,Leontocebus_nigricollis
b_353	Macaca_fascicularis,Macaca_nemestrina,Pan_troglodytes,Pongo_abelii	Aotus_griseimembra,Leontocebus_nigricollis,Propithecus_diadema
b_354	Gorilla_gorilla,Macaca_cyclopis,Pongo_pygmaeus,Trachypithecus_leucocephalus	Aotus_azarae,Propithecus_edwardsi,Saguinus_midas
b_355	Cercopithecus_nictitans,Gorilla_beringei,Pan_troglodytes,Papio_ursinus	Aotus_vociferans,Propithecus_tattersalli,Saguinus_bicolor
b_356	Gorilla_gorilla,Macaca_fascicularis,Macaca_nemestrina,Pan_troglodytes	Aotus_trivirgatus,Cebuella_pygmaea,Indri_indri
b_357	Colobus_guereza,Gorilla_beringei,Pongo_pygmaeus,Theropithecus_gelada	Aotus_griseimembra,Callithrix_jacchus,Propithecus_diadema
b_358	Cercocebus_lunulatus,Cercopithecus_lowei,Pan_paniscus,Pan_troglodytes	Aotus_trivirgatus,Callithrix_jacchus,Propithecus_perrieri
b_359	Allenopithecus_nigroviridis,Pongo_abelii,Pongo_pygmaeus,Semnopithecus_hypoleucos	Aotus_vociferans,Avahi_peyrierasi,Saguinus_midas
b_360	Pan_paniscus,Pongo_abelii,Rhinopithecus_roxellana,Trachypithecus_pileatus	Aotus_griseimembra,Propithecus_tattersalli,Saguinus_geoffroyi
b_361	Allochrocebus_preussi,Gorilla_beringei,Piliocolobus_kirkii,Pongo_pygmaeus	Aotus_griseimembra,Propithecus_coronatus,Saguinus_mystax
b_362	Macaca_mulatta,Pongo_abelii,Pongo_pygmaeus,Trachypithecus_francoisi	Aotus_azarae,Callithrix_geoffroyi,Propithecus_coquereli
b_363	Allenopithecus_nigroviridis,Colobus_guereza,Pan_troglodytes,Pongo_abelii	Aotus_griseimembra,Propithecus_tattersalli,Saguinus_geoffroyi
b_364	Cercopithecus_diana,Gorilla_gorilla,Pongo_pygmaeus,Trachypithecus_obscurus	Aotus_griseimembra,Mico_humeralifer,Propithecus_verreauxi
b_365	Allochrocebus_solatus,Pan_troglodytes,Papio_kindae,Pongo_pygmaeus	Aotus_griseimembra,Propithecus_diadema,Saguinus_midas
b_366	Miopithecus_ogouensis,Pan_paniscus,Pan_troglodytes,Trachypithecus_geei	Aotus_griseimembra,Propithecus_diadema,Saguinus_labiatus
b_367	Allochrocebus_preussi,Gorilla_gorilla,Pongo_abelii,Rhinopithecus_roxellana	Aotus_griseimembra,Propithecus_tattersalli,Saguinus_mystax
b_368	Chlorocebus_pygerythrus,Macaca_assamensis,Pan_paniscus,Pongo_abelii	Aotus_griseimembra,Avahi_peyrierasi,Leontocebus_fuscicolis
b_369	Gorilla_beringei,Gorilla_gorilla,Pygathrix_nigripes,Semnopithecus_priam	Aotus_vociferans,Leontocebus_nigricollis,Propithecus_perrieri
b_370	Gorilla_gorilla,Macaca_assamensis,Pongo_pygmaeus,Pygathrix_cinerea	Aotus_griseimembra,Leontopithecus_chrysomelas,Propithecus_diadema
b_371	Cercopithecus_roloway,Gorilla_gorilla,Macaca_siberu,Pan_paniscus	Aotus_azarae,Propithecus_coquereli,Saguinus_midas
b_372	Cercopithecus_petaurista,Gorilla_beringei,Gorilla_gorilla,Trachypithecus_leucocephalus	Aotus_azarae,Avahi_peyrierasi,Leontocebus_nigricollis
b_373	Allochrocebus_preussi,Macaca_leonina,Pan_paniscus,Pan_troglodytes	Aotus_vociferans,Avahi_laniger,Saguinus_labiatus
b_374	Cercopithecus_cephus,Gorilla_gorilla,Papio_hamadryas,Pongo_abelii	Aotus_vociferans,Propithecus_coquereli,Saguinus_labiatus
b_375	Pan_paniscus,Pan_troglodytes,Papio_anubis,Trachypithecus_leucocephalus	Aotus_vociferans,Propithecus_tattersalli,Saguinus_imperator
b_376	Cercopithecus_mitis,Pan_troglodytes,Pongo_pygmaeus,Semnopithecus_johnii	Aotus_griseimembra,Callithrix_kuhlii,Propithecus_tattersalli
b_377	Cercopithecus_mitis,Gorilla_gorilla,Pongo_abelii,Trachypithecus_auratus	Aotus_vociferans,Callibella_humilis,Indri_indri
b_378	Pan_troglodytes,Pongo_pygmaeus,Pygathrix_nigripes,Trachypithecus_francoisi	Aotus_trivirgatus,Avahi_laniger,Cebuella_pygmaea
b_379	Macaca_fuscata,Nasalis_larvatus,Pan_troglodytes,Pongo_abelii	Aotus_azarae,Callibella_humilis,Propithecus_coquereli
b_380	Cercocebus_torquatus,Pan_paniscus,Pongo_pygmaeus,Trachypithecus_obscurus	Aotus_azarae,Cebuella_pygmaea,Propithecus_perrieri
b_381	Cercocebus_torquatus,Pan_paniscus,Pongo_pygmaeus,Trachypithecus_germaini	Aotus_vociferans,Callithrix_geoffroyi,Propithecus_coronatus
b_382	Gorilla_beringei,Miopithecus_ogouensis,Pongo_abelii,Trachypithecus_crepusculus	Aotus_azarae,Propithecus_verreauxi,Saguinus_oedipus
b_383	Cercocebus_torquatus,Gorilla_beringei,Pongo_abelii,Theropithecus_gelada	Aotus_trivirgatus,Cebuella_pygmaea,Propithecus_coquereli
b_384	Cercopithecus_pogonias,Gorilla_beringei,Pan_troglodytes,Trachypithecus_auratus	Aotus_griseimembra,Leontocebus_nigricollis,Propithecus_perrieri
b_385	Gorilla_gorilla,Mandrillus_sphinx,Pan_paniscus,Papio_papio	Aotus_trivirgatus,Leontopithecus_chrysomelas,Propithecus_coronatus
b_386	Pan_troglodytes,Pongo_abelii,Rhinopithecus_bieti,Semnopithecus_vetulus	Aotus_azarae,Callithrix_kuhlii,Propithecus_tattersalli
b_387	Gorilla_gorilla,Nasalis_larvatus,Pongo_pygmaeus,Semnopithecus_vetulus	Aotus_griseimembra,Propithecus_perrieri,Saguinus_oedipus
b_388	Cercopithecus_mona,Pan_troglodytes,Pongo_abelii,Trachypithecus_phayrei	Aotus_griseimembra,Propithecus_diadema,Saguinus_midas
b_389	Gorilla_beringei,Papio_hamadryas,Pongo_pygmaeus,Trachypithecus_crepusculus	Aotus_griseimembra,Callimico_goeldii,Propithecus_diadema
b_390	Allenopithecus_nigroviridis,Gorilla_beringei,Pan_troglodytes,Rhinopithecus_bieti	Aotus_vociferans,Indri_indri,Saguinus_labiatus
b_391	Gorilla_beringei,Miopithecus_ogouensis,Pan_paniscus,Rhinopithecus_roxellana	Aotus_trivirgatus,Avahi_laniger,Cebuella_niveiventris
b_392	Gorilla_beringei,Pan_paniscus,Piliocolobus_badius,Presbytis_mitrata	Aotus_griseimembra,Cebuella_niveiventris,Propithecus_perrieri
b_393	Cercopithecus_hamlyni,Pan_paniscus,Pongo_pygmaeus,Trachypithecus_germaini	Aotus_griseimembra,Callithrix_geoffroyi,Propithecus_verreauxi
b_394	Gorilla_beringei,Pan_troglodytes,Pygathrix_nemaeus,Semnopithecus_johnii	Aotus_griseimembra,Propithecus_edwardsi,Saguinus_geoffroyi
b_395	Cercopithecus_neglectus,Gorilla_gorilla,Macaca_nemestrina,Pongo_pygmaeus	Aotus_azarae,Avahi_peyrierasi,Cebuella_niveiventris
b_396	Cercopithecus_lowei,Macaca_cyclopis,Pan_paniscus,Pongo_abelii	Aotus_trivirgatus,Propithecus_verreauxi,Saguinus_imperator
b_397	Macaca_thibetana,Pan_troglodytes,Pongo_pygmaeus,Presbytis_comata	Aotus_griseimembra,Propithecus_edwardsi,Saguinus_oedipus
b_398	Cercopithecus_mitis,Gorilla_gorilla,Pan_paniscus,Pygathrix_nigripes	Aotus_griseimembra,Propithecus_edwardsi,Saguinus_labiatus
b_399	Cercopithecus_lowei,Chlorocebus_pygerythrus,Pan_paniscus,Pongo_pygmaeus	Aotus_vociferans,Callibella_humilis,Propithecus_verreauxi
b_400	Cercopithecus_lowei,Mandrillus_sphinx,Pan_paniscus,Pongo_abelii	Aotus_azarae,Callimico_goeldii,Propithecus_diadema
b_401	Cercopithecus_diana,Colobus_guereza,Pan_troglodytes,Pongo_abelii	Aotus_griseimembra,Callithrix_jacchus,Propithecus_edwardsi
b_402	Gorilla_gorilla,Pongo_pygmaeus,Presbytis_comata,Presbytis_mitrata	Aotus_azarae,Avahi_laniger,Cebuella_niveiventris
b_403	Pan_paniscus,Pongo_abelii,Trachypithecus_crepusculus,Trachypithecus_geei	Aotus_vociferans,Avahi_peyrierasi,Leontopithecus_chrysomelas
b_404	Gorilla_beringei,Macaca_nemestrina,Mandrillus_sphinx,Pan_paniscus	Aotus_griseimembra,Leontopithecus_rosalia,Propithecus_verreauxi
b_405	Gorilla_beringei,Gorilla_gorilla,Nasalis_larvatus,Trachypithecus_obscurus	Aotus_griseimembra,Mico_argentatus,Propithecus_diadema
b_406	Cercopithecus_mona,Cercopithecus_neglectus,Gorilla_beringei,Pan_troglodytes	Aotus_trivirgatus,Callibella_humilis,Propithecus_tattersalli
b_407	Colobus_guereza,Macaca_assamensis,Pan_paniscus,Pan_troglodytes	Aotus_griseimembra,Leontocebus_illigeri,Propithecus_edwardsi
b_408	Gorilla_beringei,Gorilla_gorilla,Mandrillus_leucophaeus,Trachypithecus_laotum	Aotus_azarae,Indri_indri,Saguinus_oedipus
b_409	Gorilla_beringei,Gorilla_gorilla,Macaca_thibetana,Piliocolobus_badius	Aotus_azarae,Propithecus_diadema,Saguinus_geoffroyi
b_410	Cercopithecus_mitis,Cercopithecus_mona,Gorilla_beringei,Pan_troglodytes	Aotus_trivirgatus,Callibella_humilis,Propithecus_verreauxi
b_411	Gorilla_gorilla,Pongo_abelii,Trachypithecus_geei,Trachypithecus_obscurus	Aotus_trivirgatus,Cebuella_niveiventris,Indri_indri
b_412	Gorilla_gorilla,Macaca_radiata,Pongo_abelii,Trachypithecus_francoisi	Aotus_azarae,Propithecus_diadema,Saguinus_mystax
b_413	Colobus_guereza,Gorilla_gorilla,Macaca_siberu,Pongo_abelii	Aotus_trivirgatus,Callibella_humilis,Propithecus_verreauxi
b_414	Allochrocebus_lhoesti,Gorilla_beringei,Piliocolobus_tephrosceles,Pongo_pygmaeus	Aotus_vociferans,Propithecus_tattersalli,Saguinus_mystax
b_415	Gorilla_beringei,Gorilla_gorilla,Macaca_nigra,Piliocolobus_tephrosceles	Aotus_azarae,Avahi_peyrierasi,Leontocebus_nigricollis
b_416	Gorilla_gorilla,Pongo_abelii,Presbytis_mitrata,Semnopithecus_priam	Aotus_azarae,Propithecus_diadema,Saguinus_mystax
b_417	Macaca_cyclopis,Mandrillus_leucophaeus,Pan_paniscus,Pongo_abelii	Aotus_trivirgatus,Leontocebus_illigeri,Propithecus_tattersalli
b_418	Gorilla_gorilla,Pan_paniscus,Papio_cynocephalus,Trachypithecus_francoisi	Aotus_trivirgatus,Callibella_humilis,Propithecus_diadema
b_419	Gorilla_beringei,Gorilla_gorilla,Papio_ursinus,Semnopithecus_priam	Aotus_griseimembra,Avahi_laniger,Cebuella_niveiventris
b_420	Gorilla_gorilla,Lophocebus_aterrimus,Pan_paniscus,Pygathrix_cinerea	Aotus_griseimembra,Propithecus_coronatus,Saguinus_mystax
b_421	Gorilla_gorilla,Mandrillus_sphinx,Pongo_pygmaeus,Trachypithecus_pileatus	Aotus_vociferans,Avahi_laniger,Leontocebus_fuscicolis
b_422	Gorilla_beringei,Gorilla_gorilla,Macaca_assamensis,Papio_hamadryas	Aotus_trivirgatus,Avahi_laniger,Saguinus_inustus
b_423	Gorilla_gorilla,Macaca_siberu,Mandrillus_sphinx,Pongo_pygmaeus	Aotus_griseimembra,Avahi_peyrierasi,Saguinus_labiatus
b_424	Cercocebus_chrysogaster,Macaca_maura,Pongo_abelii,Pongo_pygmaeus	Aotus_trivirgatus,Leontopithecus_chrysomelas,Propithecus_coronatus
b_425	Cercocebus_lunulatus,Macaca_tonkeana,Pan_paniscus,Pongo_pygmaeus	Aotus_vociferans,Indri_indri,Leontocebus_nigricollis
b_426	Pongo_abelii,Pongo_pygmaeus,Rhinopithecus_roxellana,Trachypithecus_geei	Aotus_griseimembra,Callimico_goeldii,Propithecus_diadema
b_427	Gorilla_gorilla,Macaca_radiata,Pan_paniscus,Rhinopithecus_bieti	Aotus_azarae,Callithrix_jacchus,Indri_indri
b_428	Cercopithecus_mitis,Pan_paniscus,Pongo_abelii,Semnopithecus_entellus	Aotus_azarae,Leontocebus_illigeri,Propithecus_verreauxi
b_429	Chlorocebus_pygerythrus,Gorilla_beringei,Gorilla_gorilla,Trachypithecus_cristatus	Aotus_vociferans,Propithecus_verreauxi,Saguinus_midas
b_430	Allenopithecus_nigroviridis,Gorilla_gorilla,Pan_troglodytes,Trachypithecus_germaini	Aotus_trivirgatus,Propithecus_diadema,Saguinus_labiatus
b_431	Cercopithecus_mona,Erythrocebus_patas,Pan_paniscus,Pan_troglodytes	Aotus_trivirgatus,Propithecus_coronatus,Saguinus_midas
b_432	Gorilla_gorilla,Macaca_silenus,Pongo_abelii,Semnopithecus_priam	Aotus_vociferans,Leontopithecus_chrysomelas,Propithecus_edwardsi
b_433	Cercocebus_chrysogaster,Gorilla_beringei,Pan_troglodytes,Trachypithecus_pileatus	Aotus_trivirgatus,Avahi_peyrierasi,Saguinus_bicolor
b_434	Macaca_maura,Pan_paniscus,Papio_cynocephalus,Pongo_abelii	Aotus_trivirgatus,Callimico_goeldii,Propithecus_coquereli
b_435	Gorilla_gorilla,Pan_paniscus,Papio_hamadryas,Trachypithecus_laotum	Aotus_vociferans,Propithecus_coronatus,Saguinus_oedipus
b_436	Gorilla_beringei,Macaca_leonina,Macaca_nemestrina,Pongo_abelii	Aotus_azarae,Leontocebus_fuscicolis,Propithecus_edwardsi
b_437	Cercopithecus_hamlyni,Gorilla_beringei,Gorilla_gorilla,Macaca_siberu	Aotus_trivirgatus,Leontopithecus_rosalia,Propithecus_coronatus
b_438	Pan_paniscus,Papio_papio,Pongo_abelii,Trachypithecus_geei	Aotus_vociferans,Propithecus_diadema,Saguinus_bicolor
b_439	Macaca_cyclopis,Pan_troglodytes,Piliocolobus_kirkii,Pongo_pygmaeus	Aotus_azarae,Callimico_goeldii,Propithecus_coronatus
b_440	Cercocebus_chrysogaster,Cercopithecus_cephus,Pongo_abelii,Pongo_pygmaeus	Aotus_trivirgatus,Propithecus_diadema,Saguinus_mystax
b_441	Macaca_assamensis,Macaca_mulatta,Pongo_abelii,Pongo_pygmaeus	Aotus_vociferans,Propithecus_edwardsi,Saguinus_oedipus
b_442	Gorilla_beringei,Nasalis_larvatus,Piliocolobus_badius,Pongo_abelii	Aotus_vociferans,Mico_humeralifer,Propithecus_perrieri
b_443	Gorilla_gorilla,Pongo_abelii,Semnopithecus_priam,Semnopithecus_vetulus	Aotus_trivirgatus,Callithrix_kuhlii,Propithecus_coronatus
b_444	Cercopithecus_mona,Pan_paniscus,Pan_troglodytes,Trachypithecus_germaini	Aotus_azarae,Avahi_laniger,Leontopithecus_rosalia
b_445	Gorilla_beringei,Papio_hamadryas,Pongo_pygmaeus,Trachypithecus_francoisi	Aotus_trivirgatus,Callithrix_geoffroyi,Propithecus_verreauxi
b_446	Gorilla_gorilla,Macaca_nigra,Pan_troglodytes,Pygathrix_cinerea	Aotus_vociferans,Mico_argentatus,Propithecus_diadema
b_447	Gorilla_beringei,Pongo_abelii,Theropithecus_gelada,Trachypithecus_obscurus	Aotus_azarae,Callithrix_kuhlii,Indri_indri
b_448	Cercopithecus_petaurista,Pongo_abelii,Pongo_pygmaeus,Semnopithecus_vetulus	Aotus_vociferans,Propithecus_verreauxi,Saguinus_midas
b_449	Gorilla_gorilla,Piliocolobus_gordonorum,Pongo_abelii,Semnopithecus_priam	Aotus_vociferans,Callithrix_jacchus,Propithecus_coronatus
b_450	Nasalis_larvatus,Pan_troglodytes,Pongo_pygmaeus,Trachypithecus_obscurus	Aotus_griseimembra,Propithecus_perrieri,Saguinus_geoffroyi
b_451	Cercopithecus_roloway,Gorilla_beringei,Pan_paniscus,Pygathrix_nemaeus	Aotus_vociferans,Mico_humeralifer,Propithecus_tattersalli
b_452	Cercopithecus_mitis,Gorilla_beringei,Papio_ursinus,Pongo_abelii	Aotus_trivirgatus,Callibella_humilis,Propithecus_verreauxi
b_453	Cercocebus_torquatus,Gorilla_gorilla,Macaca_tonkeana,Pongo_pygmaeus	Aotus_trivirgatus,Callibella_humilis,Propithecus_verreauxi
b_454	Cercopithecus_mitis,Gorilla_gorilla,Macaca_nigra,Pongo_pygmaeus	Aotus_griseimembra,Callibella_humilis,Propithecus_tattersalli
b_455	Papio_ursinus,Pongo_abelii,Pongo_pygmaeus,Semnopithecus_schistaceus	Aotus_griseimembra,Cebuella_pygmaea,Propithecus_tattersalli
b_456	Allenopithecus_nigroviridis,Cercopithecus_cephus,Gorilla_gorilla,Pongo_pygmaeus	Aotus_azarae,Avahi_laniger,Saguinus_oedipus
b_457	Cercopithecus_ascanius,Gorilla_gorilla,Pongo_pygmaeus,Pygathrix_cinerea	Aotus_vociferans,Leontocebus_fuscicolis,Propithecus_verreauxi
b_458	Allochrocebus_lhoesti,Pan_troglodytes,Pongo_pygmaeus,Trachypithecus_phayrei	Aotus_griseimembra,Propithecus_coquereli,Saguinus_midas
b_459	Cercocebus_chrysogaster,Cercopithecus_mona,Pan_paniscus,Pongo_abelii	Aotus_vociferans,Avahi_peyrierasi,Leontocebus_fuscicolis
b_460	Cercopithecus_lowei,Gorilla_gorilla,Macaca_assamensis,Pan_paniscus	Aotus_vociferans,Callithrix_kuhlii,Propithecus_edwardsi
b_461	Colobus_angolensis,Pan_troglodytes,Papio_papio,Pongo_abelii	Aotus_azarae,Cebuella_pygmaea,Propithecus_coquereli
b_462	Colobus_angolensis,Lophocebus_aterrimus,Pan_paniscus,Pongo_abelii	Aotus_trivirgatus,Callithrix_kuhlii,Propithecus_coronatus
b_463	Cercopithecus_pogonias,Macaca_arctoides,Pan_paniscus,Pan_troglodytes	Aotus_vociferans,Leontopithecus_chrysomelas,Propithecus_coquereli
b_464	Cercopithecus_roloway,Gorilla_gorilla,Pongo_abelii,Trachypithecus_hatinhensis	Aotus_trivirgatus,Indri_indri,Leontopithecus_chrysomelas
b_465	Allenopithecus_nigroviridis,Pan_paniscus,Pan_troglodytes,Pygathrix_nigripes	Aotus_trivirgatus,Mico_humeralifer,Propithecus_coronatus
b_466	Gorilla_gorilla,Pan_paniscus,Papio_hamadryas,Semnopithecus_schistaceus	Aotus_vociferans,Leontopithecus_rosalia,Propithecus_coronatus
b_467	Cercocebus_lunulatus,Lophocebus_aterrimus,Pan_troglodytes,Pongo_pygmaeus	Aotus_vociferans,Propithecus_perrieri,Saguinus_mystax
b_468	Gorilla_gorilla,Macaca_silenus,Pan_paniscus,Piliocolobus_badius	Aotus_vociferans,Propithecus_tattersalli,Saguinus_geoffroyi
b_469	Gorilla_gorilla,Pan_paniscus,Trachypithecus_obscurus,Trachypithecus_phayrei	Aotus_azarae,Propithecus_tattersalli,Saguinus_mystax
b_470	Cercopithecus_neglectus,Colobus_guereza,Pan_troglodytes,Pongo_abelii	Aotus_azarae,Callibella_humilis,Propithecus_coronatus
b_471	Cercopithecus_petaurista,Gorilla_gorilla,Piliocolobus_badius,Pongo_abelii	Aotus_azarae,Propithecus_edwardsi,Saguinus_mystax
b_472	Cercopithecus_roloway,Macaca_siberu,Pan_paniscus,Pan_troglodytes	Aotus_azarae,Avahi_peyrierasi,Callimico_goeldii
b_473	Cercopithecus_nictitans,Colobus_guereza,Pongo_abelii,Pongo_pygmaeus	Aotus_azarae,Avahi_laniger,Saguinus_bicolor
b_474	Gorilla_beringei,Macaca_tonkeana,Pan_paniscus,Trachypithecus_auratus	Aotus_azarae,Propithecus_coronatus,Saguinus_inustus
b_475	Colobus_angolensis,Gorilla_beringei,Pan_troglodytes,Trachypithecus_pileatus	Aotus_griseimembra,Avahi_laniger,Leontocebus_nigricollis
b_476	Allochrocebus_solatus,Gorilla_gorilla,Papio_ursinus,Pongo_abelii	Aotus_trivirgatus,Propithecus_diadema,Saguinus_inustus
b_477	Allochrocebus_solatus,Gorilla_beringei,Pan_paniscus,Papio_anubis	Aotus_griseimembra,Leontocebus_fuscicolis,Propithecus_verreauxi
b_478	Gorilla_beringei,Gorilla_gorilla,Trachypithecus_auratus,Trachypithecus_pileatus	Aotus_azarae,Leontocebus_fuscicolis,Propithecus_coquereli
b_479	Macaca_cyclopis,Pan_troglodytes,Pongo_pygmaeus,Trachypithecus_crepusculus	Aotus_vociferans,Callithrix_kuhlii,Propithecus_diadema
b_480	Cercopithecus_ascanius,Pan_paniscus,Pongo_pygmaeus,Semnopithecus_schistaceus	Aotus_vociferans,Mico_humeralifer,Propithecus_coquereli
b_481	Colobus_angolensis,Gorilla_beringei,Piliocolobus_kirkii,Pongo_pygmaeus	Aotus_griseimembra,Avahi_laniger,Saguinus_midas
b_482	Gorilla_beringei,Pongo_abelii,Rhinopithecus_bieti,Trachypithecus_hatinhensis	Aotus_vociferans,Avahi_laniger,Callithrix_jacchus
b_483	Gorilla_beringei,Pongo_abelii,Presbytis_mitrata,Semnopithecus_johnii	Aotus_azarae,Leontopithecus_rosalia,Propithecus_edwardsi
b_484	Papio_kindae,Pongo_abelii,Pongo_pygmaeus,Trachypithecus_geei	Aotus_griseimembra,Avahi_laniger,Callimico_goeldii
b_485	Allenopithecus_nigroviridis,Gorilla_beringei,Pongo_abelii,Trachypithecus_pileatus	Aotus_azarae,Propithecus_coronatus,Saguinus_bicolor
b_486	Allenopithecus_nigroviridis,Gorilla_beringei,Macaca_assamensis,Pongo_abelii	Aotus_vociferans,Cebuella_niveiventris,Propithecus_coquereli
b_487	Gorilla_gorilla,Pan_paniscus,Papio_ursinus,Pygathrix_nemaeus	Aotus_azarae,Propithecus_verreauxi,Saguinus_mystax
b_488	Cercopithecus_hamlyni,Gorilla_gorilla,Pan_paniscus,Semnopithecus_johnii	Aotus_azarae,Leontocebus_illigeri,Propithecus_edwardsi
b_489	Allochrocebus_lhoesti,Macaca_arctoides,Pan_paniscus,Pongo_pygmaeus	Aotus_griseimembra,Avahi_peyrierasi,Leontopithecus_chrysomelas
b_490	Chlorocebus_pygerythrus,Pan_troglodytes,Pongo_pygmaeus,Trachypithecus_crepusculus	Aotus_trivirgatus,Leontocebus_illigeri,Propithecus_edwardsi
b_491	Macaca_mulatta,Pan_troglodytes,Pongo_pygmaeus,Trachypithecus_germaini	Aotus_trivirgatus,Mico_humeralifer,Propithecus_coquereli
b_492	Colobus_polykomos,Gorilla_gorilla,Pan_troglodytes,Trachypithecus_cristatus	Aotus_vociferans,Propithecus_tattersalli,Saguinus_geoffroyi
b_493	Chlorocebus_pygerythrus,Erythrocebus_patas,Gorilla_gorilla,Pongo_pygmaeus	Aotus_azarae,Callithrix_geoffroyi,Propithecus_verreauxi
b_494	Cercopithecus_roloway,Macaca_silenus,Pongo_abelii,Pongo_pygmaeus	Aotus_azarae,Mico_argentatus,Propithecus_tattersalli
b_495	Cercopithecus_petaurista,Gorilla_gorilla,Pan_troglodytes,Pygathrix_nemaeus	Aotus_griseimembra,Propithecus_verreauxi,Saguinus_geoffroyi
b_496	Gorilla_beringei,Pongo_pygmaeus,Presbytis_mitrata,Semnopithecus_schistaceus	Aotus_trivirgatus,Indri_indri,Leontopithecus_chrysomelas
b_497	Cercopithecus_petaurista,Colobus_guereza,Pongo_abelii,Pongo_pygmaeus	Aotus_azarae,Leontopithecus_rosalia,Propithecus_perrieri
b_498	Pan_troglodytes,Pongo_pygmaeus,Semnopithecus_hypoleucos,Trachypithecus_hatinhensis	Aotus_azarae,Propithecus_tattersalli,Saguinus_geoffroyi
b_499	Allochrocebus_lhoesti,Cercopithecus_lowei,Gorilla_beringei,Pan_paniscus	Aotus_trivirgatus,Callithrix_kuhlii,Propithecus_verreauxi
b_500	Pan_paniscus,Pongo_abelii,Semnopithecus_hypoleucos,Trachypithecus_laotum	Aotus_trivirgatus,Cebuella_niveiventris,Propithecus_diadema
